insert into conference (id) values('EAST');
insert into conference (id) values('WEST');
insert into conference (id) values('SOUTH');
insert into conference (id) values('NORTH');


insert into team (id, locale, name) values('NY', 'New York', 'Fastbacks');
insert into team (id, locale, name) values('PHI', 'Philadelphia', 'Flames');
insert into team (id, locale, name) values('BOS', 'Boston', 'Steeds');
insert into team (id, locale, name) values('CON', 'Conneticut', 'Huskies');
insert into team (id, locale, name) values('JACK', 'Jacksonville', 'Gators');
insert into team (id, locale, name) values('NC', 'North Carolina', 'Tar Heels');
insert into team (id, locale, name) values('WASH', 'Washington', 'Chiefs');
insert into team (id, locale, name) values('ATL', 'Atlanta', 'Ravens');
insert into team (id, locale, name) values('BRK', 'Brooklyn', 'Knights');
insert into team (id, locale, name) values('MIA', 'Miami', 'Hurricane');

insert into conference_team (confid, teamid) values ('EAST', 'NY');
insert into conference_team (confid, teamid) values ('EAST', 'PHI');
insert into conference_team (confid, teamid) values ('EAST', 'BOS');
insert into conference_team (confid, teamid) values ('EAST', 'CON');
insert into conference_team (confid, teamid) values ('EAST', 'JACK');
insert into conference_team (confid, teamid) values ('EAST', 'NC');
insert into conference_team (confid, teamid) values ('EAST', 'WASH');
insert into conference_team (confid, teamid) values ('EAST', 'ATL');
insert into conference_team (confid, teamid) values ('EAST', 'BRK');
insert into conference_team (confid, teamid) values ('EAST', 'MIA');

insert into team (id, locale, name) values('MI', 'Michigan', 'Panthers');
insert into team (id, locale, name) values('CHI', 'Chicago', 'Blackhawks');
insert into team (id, locale, name) values('TOR', 'Toronto', 'Blazers');
insert into team (id, locale, name) values('VIR', 'Virginia', 'Minutemen');
insert into team (id, locale, name) values('IND', 'Indiana', 'Hoosiers');
insert into team (id, locale, name) values('CLEV', 'Cleveland', 'Indians');
insert into team (id, locale, name) values('MIN', 'Minnesota', 'Timberwolves');
insert into team (id, locale, name) values('PIT', 'Pittsburgh', 'Bears');
insert into team (id, locale, name) values('MIL', 'Milwukee', 'Jets');
insert into team (id, locale, name) values('BUF', 'Buffalo', 'Sabres');

insert into conference_team (confid, teamid) values ('NORTH', 'MI');
insert into conference_team (confid, teamid) values ('NORTH', 'CHI');
insert into conference_team (confid, teamid) values ('NORTH', 'TOR');
insert into conference_team (confid, teamid) values ('NORTH', 'VIR');
insert into conference_team (confid, teamid) values ('NORTH', 'IND');
insert into conference_team (confid, teamid) values ('NORTH', 'CLEV');
insert into conference_team (confid, teamid) values ('NORTH', 'MIN');
insert into conference_team (confid, teamid) values ('NORTH', 'PIT');
insert into conference_team (confid, teamid) values ('NORTH', 'MIL');
insert into conference_team (confid, teamid) values ('NORTH', 'BUF');


insert into team (id, locale, name) values('TEN', 'Tennennse', 'Runnin Rebels');
insert into team (id, locale, name) values('KC', 'Kansas City', 'JayHawks');
insert into team (id, locale, name) values('STL', 'Saint Louis', 'Devils');
insert into team (id, locale, name) values('HOU', 'Housten', 'Wildcats');
insert into team (id, locale, name) values('SA', 'San Antonio', 'Regulators');
insert into team (id, locale, name) values('NO', 'New Orleans', 'Jazz');
insert into team (id, locale, name) values('DAL', 'Dallas', 'Bulls');
insert into team (id, locale, name) values('DEN', 'Denver', 'Rush');
insert into team (id, locale, name) values('OKL', 'Oklahoma', 'Sooners');
insert into team (id, locale, name) values('ALA', 'Alabama', 'Raiders');

insert into conference_team (confid, teamid) values ('SOUTH', 'TEN');
insert into conference_team (confid, teamid) values ('SOUTH', 'KC');
insert into conference_team (confid, teamid) values ('SOUTH', 'STL');
insert into conference_team (confid, teamid) values ('SOUTH', 'HOU');
insert into conference_team (confid, teamid) values ('SOUTH', 'SA');
insert into conference_team (confid, teamid) values ('SOUTH', 'NO');
insert into conference_team (confid, teamid) values ('SOUTH', 'DAL');
insert into conference_team (confid, teamid) values ('SOUTH', 'DEN');
insert into conference_team (confid, teamid) values ('SOUTH', 'OKL');
insert into conference_team (confid, teamid) values ('SOUTH', 'ALA');

insert into team (id, locale, name) values('SD', 'San Diego', 'Suns');
insert into team (id, locale, name) values('LA', 'Los Angeles', 'Kings');
insert into team (id, locale, name) values('PHO', 'Phoenix', 'Heat');
insert into team (id, locale, name) values('CA', 'California', 'Thunder');
insert into team (id, locale, name) values('POR', 'Porland', 'Cougars');
insert into team (id, locale, name) values('SF', 'San Fransisco', 'Bruins');
insert into team (id, locale, name) values('SEA', 'Seattle', 'Stars');
insert into team (id, locale, name) values('UT', 'Utah', 'Aggies');
insert into team (id, locale, name) values('VAN', 'Vancouver', 'Badgers');
insert into team (id, locale, name) values('LV', 'Las Vegas', 'Gamblers');


insert into conference_team (confid, teamid) values ('WEST', 'SD');
insert into conference_team (confid, teamid) values ('WEST', 'LA');
insert into conference_team (confid, teamid) values ('WEST', 'PHO');
insert into conference_team (confid, teamid) values ('WEST', 'CA');
insert into conference_team (confid, teamid) values ('WEST', 'POR');
insert into conference_team (confid, teamid) values ('WEST', 'SF');
insert into conference_team (confid, teamid) values ('WEST', 'SEA');
insert into conference_team (confid, teamid) values ('WEST', 'UT');
insert into conference_team (confid, teamid) values ('WEST', 'VAN');
insert into conference_team (confid, teamid) values ('WEST', 'LV');





